,VITIS_LOOP_115_1,seq_loop_status1.csv
,VITIS_LOOP_53_4_VITIS_LOOP_54_5,seq_loop_status2.csv
grp_Radix2wECC_Pipeline_1_fu_489,Loop 1,upc_loop_status1.csv
grp_Radix2wECC_Pipeline_2_fu_497,Loop 1,upc_loop_status2.csv
grp_Radix2wECC_Pipeline_VITIS_LOOP_33_1_fu_505,VITIS_LOOP_33_1,upc_loop_status3.csv
grp_Radix2wECC_Pipeline_3_fu_511,Loop 1,upc_loop_status4.csv
grp_Radix2wECC_Pipeline_VITIS_LOOP_36_2_fu_519,VITIS_LOOP_36_2,upc_loop_status5.csv
grp_Radix2wECC_Pipeline_VITIS_LOOP_39_3_fu_525,VITIS_LOOP_39_3,upc_loop_status6.csv
grp_bf_inv_fu_531,VITIS_LOOP_75_1,seq_loop_status3.csv
grp_bf_mult_2_fu_536,VITIS_LOOP_56_1,seq_loop_status4.csv
grp_bf_mult_2_fu_536.grp_bf_mult_2_Pipeline_VITIS_LOOP_33_1_fu_62,VITIS_LOOP_33_1,upc_loop_status7.csv
grp_bf_mult_2_fu_536.grp_bf_mult_2_Pipeline_VITIS_LOOP_33_15_fu_68,VITIS_LOOP_33_1,upc_loop_status8.csv
grp_bf_mult_1_fu_541,VITIS_LOOP_56_1,seq_loop_status5.csv
grp_bf_mult_1_fu_541.grp_bf_mult_1_Pipeline_VITIS_LOOP_33_1_fu_72,VITIS_LOOP_33_1,upc_loop_status9.csv
grp_bf_mult_1_fu_541.grp_bf_mult_1_Pipeline_VITIS_LOOP_33_16_fu_78,VITIS_LOOP_33_1,upc_loop_status10.csv
grp_Radix2wECC_Pipeline_VITIS_LOOP_33_110_fu_548,VITIS_LOOP_33_1,upc_loop_status11.csv
grp_Radix2wECC_Pipeline_VITIS_LOOP_33_111_fu_556,VITIS_LOOP_33_1,upc_loop_status12.csv
grp_Radix2wECC_Pipeline_VITIS_LOOP_33_112_fu_564,VITIS_LOOP_33_1,upc_loop_status13.csv
grp_point_add_fu_572.grp_bf_inv_fu_132,VITIS_LOOP_75_1,seq_loop_status6.csv
grp_point_add_fu_572.grp_bf_mult_1_fu_137,VITIS_LOOP_56_1,seq_loop_status7.csv
grp_point_add_fu_572.grp_bf_mult_1_fu_137.grp_bf_mult_1_Pipeline_VITIS_LOOP_33_1_fu_72,VITIS_LOOP_33_1,upc_loop_status14.csv
grp_point_add_fu_572.grp_bf_mult_1_fu_137.grp_bf_mult_1_Pipeline_VITIS_LOOP_33_16_fu_78,VITIS_LOOP_33_1,upc_loop_status15.csv
grp_point_add_fu_572.grp_bf_mult_2_fu_144,VITIS_LOOP_56_1,seq_loop_status8.csv
grp_point_add_fu_572.grp_bf_mult_2_fu_144.grp_bf_mult_2_Pipeline_VITIS_LOOP_33_1_fu_62,VITIS_LOOP_33_1,upc_loop_status16.csv
grp_point_add_fu_572.grp_bf_mult_2_fu_144.grp_bf_mult_2_Pipeline_VITIS_LOOP_33_15_fu_68,VITIS_LOOP_33_1,upc_loop_status17.csv
grp_point_add_fu_572.grp_bf_add_1_fu_150,VITIS_LOOP_33_1,upc_loop_status18.csv
grp_point_add_fu_572.grp_bf_mult_fu_160,VITIS_LOOP_56_1,seq_loop_status9.csv
grp_point_add_fu_572.grp_bf_mult_fu_160.grp_bf_mult_Pipeline_VITIS_LOOP_33_1_fu_72,VITIS_LOOP_33_1,upc_loop_status19.csv
grp_point_add_fu_572.grp_bf_mult_fu_160.grp_bf_mult_Pipeline_VITIS_LOOP_33_17_fu_78,VITIS_LOOP_33_1,upc_loop_status20.csv
grp_point_add_fu_572.grp_point_add_Pipeline_VITIS_LOOP_33_1_fu_168,VITIS_LOOP_33_1,upc_loop_status21.csv
grp_point_add_fu_572.grp_point_add_Pipeline_VITIS_LOOP_33_11_fu_176,VITIS_LOOP_33_1,upc_loop_status22.csv
grp_point_add_fu_572.grp_point_add_Pipeline_VITIS_LOOP_33_12_fu_184,VITIS_LOOP_33_1,upc_loop_status23.csv
grp_Radix2wECC_Pipeline_VITIS_LOOP_77_7_fu_584,VITIS_LOOP_77_7,upc_loop_status24.csv
grp_Radix2wECC_Pipeline_VITIS_LOOP_92_1_fu_600,VITIS_LOOP_92_1,upc_loop_status25.csv
grp_Radix2wECC_Pipeline_VITIS_LOOP_33_113_fu_607,VITIS_LOOP_33_1,upc_loop_status26.csv
grp_Radix2wECC_Pipeline_VITIS_LOOP_33_114_fu_615,VITIS_LOOP_33_1,upc_loop_status27.csv
grp_Radix2wECC_Pipeline_VITIS_LOOP_33_115_fu_623,VITIS_LOOP_33_1,upc_loop_status28.csv
grp_Radix2wECC_Pipeline_VITIS_LOOP_33_116_fu_631,VITIS_LOOP_33_1,upc_loop_status29.csv
grp_Radix2wECC_Pipeline_17_fu_641,Loop 1,upc_loop_status30.csv
grp_Radix2wECC_Pipeline_18_fu_649,Loop 1,upc_loop_status31.csv
