,AESL_inst_Radix2wECC,,module_status1.csv
,grp_Radix2wECC_Pipeline_1_fu_489,,module_status2.csv
,grp_Radix2wECC_Pipeline_2_fu_497,,module_status3.csv
,grp_Radix2wECC_Pipeline_VITIS_LOOP_33_1_fu_505,,module_status4.csv
,grp_Radix2wECC_Pipeline_3_fu_511,,module_status5.csv
,grp_Radix2wECC_Pipeline_VITIS_LOOP_36_2_fu_519,,module_status6.csv
,grp_Radix2wECC_Pipeline_VITIS_LOOP_39_3_fu_525,,module_status7.csv
,grp_bf_inv_fu_531,,module_status8.csv
grp_bf_inv_fu_531,grp_bf_inv_Pipeline_VITIS_LOOP_25_1_fu_64,,module_status9.csv
grp_bf_inv_fu_531,grp_bf_inv_Pipeline_VITIS_LOOP_25_18_fu_70,,module_status10.csv
grp_bf_inv_fu_531,grp_bf_inv_Pipeline_VITIS_LOOP_33_1_fu_76,,module_status11.csv
grp_bf_inv_fu_531,grp_bf_inv_Pipeline_VITIS_LOOP_33_19_fu_83,,module_status12.csv
,grp_bf_mult_2_fu_536,,module_status13.csv
grp_bf_mult_2_fu_536,grp_bf_mult_2_Pipeline_VITIS_LOOP_33_1_fu_62,,module_status14.csv
grp_bf_mult_2_fu_536,grp_bf_mult_2_Pipeline_VITIS_LOOP_33_15_fu_68,,module_status15.csv
,grp_bf_mult_1_fu_541,,module_status16.csv
grp_bf_mult_1_fu_541,grp_bf_mult_1_Pipeline_VITIS_LOOP_33_1_fu_72,,module_status17.csv
grp_bf_mult_1_fu_541,grp_bf_mult_1_Pipeline_VITIS_LOOP_33_16_fu_78,,module_status18.csv
,grp_Radix2wECC_Pipeline_VITIS_LOOP_33_110_fu_548,,module_status19.csv
,grp_Radix2wECC_Pipeline_VITIS_LOOP_33_111_fu_556,,module_status20.csv
,grp_Radix2wECC_Pipeline_VITIS_LOOP_33_112_fu_564,,module_status21.csv
,grp_point_add_fu_572,,module_status22.csv
grp_point_add_fu_572,grp_point_add_Pipeline_VITIS_LOOP_33_13_fu_114,,module_status23.csv
grp_point_add_fu_572,grp_point_add_Pipeline_VITIS_LOOP_33_14_fu_123,,module_status24.csv
grp_point_add_fu_572,grp_bf_inv_fu_132,,module_status25.csv
grp_point_add_fu_572.grp_bf_inv_fu_132,grp_bf_inv_Pipeline_VITIS_LOOP_25_1_fu_64,,module_status26.csv
grp_point_add_fu_572.grp_bf_inv_fu_132,grp_bf_inv_Pipeline_VITIS_LOOP_25_18_fu_70,,module_status27.csv
grp_point_add_fu_572.grp_bf_inv_fu_132,grp_bf_inv_Pipeline_VITIS_LOOP_33_1_fu_76,,module_status28.csv
grp_point_add_fu_572.grp_bf_inv_fu_132,grp_bf_inv_Pipeline_VITIS_LOOP_33_19_fu_83,,module_status29.csv
grp_point_add_fu_572,grp_bf_mult_1_fu_137,,module_status30.csv
grp_point_add_fu_572.grp_bf_mult_1_fu_137,grp_bf_mult_1_Pipeline_VITIS_LOOP_33_1_fu_72,,module_status31.csv
grp_point_add_fu_572.grp_bf_mult_1_fu_137,grp_bf_mult_1_Pipeline_VITIS_LOOP_33_16_fu_78,,module_status32.csv
grp_point_add_fu_572,grp_bf_mult_2_fu_144,,module_status33.csv
grp_point_add_fu_572.grp_bf_mult_2_fu_144,grp_bf_mult_2_Pipeline_VITIS_LOOP_33_1_fu_62,,module_status34.csv
grp_point_add_fu_572.grp_bf_mult_2_fu_144,grp_bf_mult_2_Pipeline_VITIS_LOOP_33_15_fu_68,,module_status35.csv
grp_point_add_fu_572,grp_bf_add_1_fu_150,,module_status36.csv
grp_point_add_fu_572,grp_bf_mult_fu_160,,module_status37.csv
grp_point_add_fu_572.grp_bf_mult_fu_160,grp_bf_mult_Pipeline_VITIS_LOOP_33_1_fu_72,,module_status38.csv
grp_point_add_fu_572.grp_bf_mult_fu_160,grp_bf_mult_Pipeline_VITIS_LOOP_33_17_fu_78,,module_status39.csv
grp_point_add_fu_572,grp_point_add_Pipeline_VITIS_LOOP_33_1_fu_168,,module_status40.csv
grp_point_add_fu_572,grp_point_add_Pipeline_VITIS_LOOP_33_11_fu_176,,module_status41.csv
grp_point_add_fu_572,grp_point_add_Pipeline_VITIS_LOOP_33_12_fu_184,,module_status42.csv
,grp_Radix2wECC_Pipeline_VITIS_LOOP_77_7_fu_584,,module_status43.csv
,grp_Radix2wECC_Pipeline_VITIS_LOOP_56_6_fu_592,,module_status44.csv
,grp_Radix2wECC_Pipeline_VITIS_LOOP_92_1_fu_600,,module_status45.csv
,grp_Radix2wECC_Pipeline_VITIS_LOOP_33_113_fu_607,,module_status46.csv
,grp_Radix2wECC_Pipeline_VITIS_LOOP_33_114_fu_615,,module_status47.csv
,grp_Radix2wECC_Pipeline_VITIS_LOOP_33_115_fu_623,,module_status48.csv
,grp_Radix2wECC_Pipeline_VITIS_LOOP_33_116_fu_631,,module_status49.csv
,grp_Radix2wECC_Pipeline_17_fu_641,,module_status50.csv
,grp_Radix2wECC_Pipeline_18_fu_649,,module_status51.csv
